[
	{
		"text": "Just saw a LinkedIn Influencer with 'Organic Growth' written in the profile with 65K+ followers claiming that he can help you in growing your platform, copying the posts from other influencers.",
		"engagement": 90
	},
	{	
		"text": "Jobseekers, this one’s for you.\n Every application, every interview, every follow-up… the pressure is immense.\n And I know what you're thinking: Am I not good enough? \n But let me tell you, this isn’t about you or your skills. It’s about a broken system where 60% of applicants never hear back. \n Your mental health is not worth sacrificing for a system that doesn’t acknowledge your worth. \n Please remember, taking care of yourself is the real priority. \n Your dream job will come, but for now, breathe. 🌻",
		"engagement": 347
	},
	{
		"text": "Looking for jobs on LinkedIn is like online dating: Full of promises, but in the end, you’re just left ghosted.",
		"engagement": 109
	},
	{
		"text": "LinkedIn scams be like: 'Congratulations, you've been selected for a role you didn’t even apply for!' \n The catch? Pay Rs. 50,000 for the honor.",
		"engagement": 115
	},
	{
		"text": "sapne dekhna achi baat hai,\nlekin job ka sapna dekh ke 'interested' likhna,\nyeh toh achi baat nahi hai na?",
		"engagement": 545
	},
	{
		"text": "Next time when I'll be reading some LinkedIn Influencer's story, I am starting from the last line.\nIf there's a link attached to it, it's most probably a fake one.\nSaves me time!",
		"engagement": 188
	},
	{
		"text": "Every time I poured my heart into 5-6 rounds of interviews and faced rejection, it felt like a punch in the gut. The sleepless nights, the endless preparation, all for nothing.\n\nBut looking back, I realize it wasn’t nothing. It was the Universe’s way of saying, “Not this one, something better is on the way.”\n\nEvery single time, I’ve been shown why that rejection happened.\n\nDoors I thought I wanted to walk through were shut, only to have the right ones swing open.\n\nThe kind that aligned with my growth, my values, and my happiness.\n\nAt first, it stung. It hurt deeply. But now, when things don’t go as planned, I don’t panic.\n\nI don’t question my worth. I sit back, breathe, and trust. The Universe knows.\n\nI know there's another plan waiting. Something bigger, better, and just for me.\n\nTo anyone feeling the weight of rejection: trust that the closed doors are protecting you from something you can’t see right now.\n\nYour path is being cleared for something even more beautiful.",
		"engagement": 206
	},
	{
		"text": "To everyone who's still looking for a job...\n\nI see you. I feel you. \ud83d\udc94\n\nEvery rejection email feels like a punch in the gut, and every 'We'll get back to you' sounds more like 'You'll never hear from us.'\n\nBut I want you to know, you're not alone in this. \ud83c\udf38\n\nAccording to a study, 80% of jobseekers struggle with anxiety and self-doubt during their search. It's normal to feel lost, but it's not the end.\n\nTake breaks, breathe, and remember, this doesn't define you. Your worth is not tied to an offer letter. \ud83d\udca5\n\nYour mental health matters more than any job.",
		"engagement": 899
	},
	{
		"text": "Sometimes, we forget that a company’s brand name doesn’t define someone’s talent. It’s easy to get caught up in the 'big company = big talent' mindset, but that's not always the case.\n\nI’ve had the privilege of working with people from smaller companies (lesser known) who blow me away with their skills and dedication. They don’t need a fancy title or a famous brand behind them to prove their worth.\n\nI've seen the other side too—people in top-tier companies feeling lost, overwhelmed, or stuck, even though the world sees them as 'successful'.\n\nLet’s stop attaching someone’s value to the company they work for. Freshers especially need to hear this—skills are what matter, not the size of the company behind them.\n\nAt the end of the day, happiness and growth don’t come from a brand name, they come from doing what you love and constantly improving your craft.",
		"engagement": 166
	},
	{
		"text": "So when I left a toxic work environment, I told my manager a simple thing and felt so good \ud83d\ude2f\n\nI just said-\n\n'Hope your son gets a manager like you.\nI hope that the manager behaves the same way as you did with me.\nThank you.'\n\nNow tell me 1 thing-\n\nShe always said that she was a great manager.\nWhy will she get offended?\n\nI just told her that I wish her son would get a manager like she was.\n\nIf you felt bad, then that means you were a bad manager and now you know it. \ud83e\b80\n\nIf you feel good, then take it as a blessing for your son and you'll really want someone to treat your son/daughter in the same way.\n\nShe cannot be even angry with me else it'll prove that she was not a 'great' manager.\n\nMuskan - 1\nManager - 0\n\nMuskan -> Aura +100000000\n\n(Fictional message unfortunately :(\n)\n\nHope you all become the people that your sons/daughters will like to work under \ud83d\ude4f\n\nThere are a lot of bad people/things, bring a small change and break the chain :)",
		"engagement": 1111
	}
]